embedding,encoder,tagset,link,metric,set,precision,recall,f1
chinese-bert,identity,bio,bd,epm,training,0.2191780821917808,0.266173752310536,0.2404006677796327
chinese-bert,identity,bio,bd,epm,validation,0.125,0.12643678160919541,0.12571428571428572
chinese-bert,identity,bio,bd,epm,optimization,0.16304347826086957,0.19480519480519481,0.17751479289940827
chinese-bert,identity,bio,bd,epm,test,0.1262135922330097,0.16049382716049382,0.14130434782608697
chinese-bert,identity,bio,bd,mpbm,training,0.4412442396313364,0.5182679296346414,0.47666459240821407
chinese-bert,identity,bio,bd,mpbm,validation,0.3175182481751825,0.3686440677966102,0.3411764705882353
chinese-bert,identity,bio,bd,mpbm,optimization,0.38372093023255816,0.4520547945205479,0.41509433962264153
chinese-bert,identity,bio,bd,mpbm,test,0.30141843971631205,0.38636363636363635,0.3386454183266932
chinese-bert,identity,bio,bd,mbawo,training,0.6069047748089534,0.6313712223725756,0.6188962887224693
chinese-bert,identity,bio,bd,mbawo,validation,0.508138711960368,0.5485103132161956,0.5275532696546655
chinese-bert,identity,bio,bd,mbawo,optimization,0.565597667638484,0.6050682261208578,0.5846675456771521
chinese-bert,identity,bio,bd,mbawo,test,0.47244094488188976,0.5517241379310345,0.5090137857900318
chinese-bert,identity,bio,bd,mwo,training,0.6461980380467184,0.6722485340550293,0.6589659269903557
chinese-bert,identity,bio,bd,mwo,validation,0.5410474168435951,0.5840336134453782,0.5617193240264512
chinese-bert,identity,bio,bd,mwo,optimization,0.6191690962099126,0.6623781676413255,0.6400452062535318
chinese-bert,identity,bio,bd,mwo,test,0.5045931758530183,0.589272030651341,0.5436550017674089
chinese-bert,identity,bio,td,epm,training,0.376865671641791,0.3733826247689464,0.3751160631383472
chinese-bert,identity,bio,td,epm,validation,0.2808988764044944,0.28735632183908044,0.28409090909090906
chinese-bert,identity,bio,td,epm,optimization,0.23076923076923078,0.2727272727272727,0.24999999999999994
chinese-bert,identity,bio,td,epm,test,0.2403846153846154,0.30864197530864196,0.2702702702702703
chinese-bert,identity,bio,td,mpbm,training,0.6465753424657534,0.4790257104194858,0.5503303536727555
chinese-bert,identity,bio,td,mpbm,validation,0.5272727272727272,0.3686440677966102,0.43391521197007477
chinese-bert,identity,bio,td,mpbm,optimization,0.5146198830409356,0.4018264840182648,0.4512820512820513
chinese-bert,identity,bio,td,mpbm,test,0.4494949494949495,0.40454545454545454,0.4258373205741627
chinese-bert,identity,bio,td,mbawo,training,0.7215933514830205,0.5678845286423094,0.6355777118697545
chinese-bert,identity,bio,td,mbawo,validation,0.6553374820488271,0.5229182582123758,0.5816868493732738
chinese-bert,identity,bio,td,mbawo,optimization,0.5765765765765766,0.4740740740740741,0.5203252032520325
chinese-bert,identity,bio,td,mbawo,test,0.5273149941882991,0.521455938697318,0.5243691003660181
chinese-bert,identity,bio,td,mwo,training,0.810073076371973,0.6375169147496617,0.7135104436170884
chinese-bert,identity,bio,td,mwo,validation,0.7549066539013882,0.6023682200152788,0.6700658593584025
chinese-bert,identity,bio,td,mwo,optimization,0.6813655761024182,0.560233918128655,0.6148908857509627
chinese-bert,identity,bio,td,mwo,test,0.6237892289810151,0.6168582375478927,0.6203043729531882
chinese-bert,identity,bioe,bd,epm,training,0.26629680998613037,0.35489833641404805,0.30427892234548337
chinese-bert,identity,bioe,bd,epm,validation,0.1553398058252427,0.1839080459770115,0.16842105263157894
chinese-bert,identity,bioe,bd,epm,optimization,0.15126050420168066,0.23376623376623376,0.1836734693877551
chinese-bert,identity,bioe,bd,epm,test,0.1826086956521739,0.25925925925925924,0.21428571428571427
chinese-bert,identity,bioe,bd,mpbm,training,0.505908835115363,0.6082543978349121,0.5523809523809524
chinese-bert,identity,bioe,bd,mpbm,validation,0.3903345724907063,0.4449152542372881,0.4158415841584158
chinese-bert,identity,bioe,bd,mpbm,optimization,0.3665480427046263,0.4703196347031963,0.412
chinese-bert,identity,bioe,bd,mpbm,test,0.3435374149659864,0.4590909090909091,0.3929961089494164
chinese-bert,identity,bioe,bd,mbawo,training,0.6018308841243074,0.7042737934145241,0.6490348393130861
chinese-bert,identity,bioe,bd,mbawo,validation,0.5166182639561149,0.6115355233002292,0.5600839601189435
chinese-bert,identity,bioe,bd,mbawo,optimization,0.5341838403663722,0.6366471734892788,0.5809320526503023
chinese-bert,identity,bioe,bd,mbawo,test,0.4794238683127572,0.6249042145593869,0.542581503659348
chinese-bert,identity,bioe,bd,mwo,training,0.6490002409058059,0.7594722598105548,0.6999038736327974
chinese-bert,identity,bioe,bd,mwo,validation,0.5524362697644402,0.6539343009931246,0.5989155151303132
chinese-bert,identity,bioe,bd,mwo,optimization,0.5711481844946026,0.6807017543859649,0.6211312700106724
chinese-bert,identity,bioe,bd,mwo,test,0.5070546737213404,0.6609195402298851,0.5738522954091817
chinese-bert,identity,bioe,td,epm,training,0.24091381100726894,0.4288354898336414,0.30851063829787234
chinese-bert,identity,bioe,td,epm,validation,0.1393939393939394,0.26436781609195403,0.18253968253968256
chinese-bert,identity,bioe,td,epm,optimization,0.11695906432748537,0.2597402597402597,0.16129032258064516
chinese-bert,identity,bioe,td,epm,test,0.1590909090909091,0.345679012345679,0.21789883268482493
chinese-bert,identity,bioe,td,mpbm,training,0.4988738738738739,0.5994587280108254,0.544560540872772
chinese-bert,identity,bioe,td,mpbm,validation,0.34408602150537637,0.4067796610169492,0.37281553398058254
chinese-bert,identity,bioe,td,mpbm,optimization,0.3543859649122807,0.4611872146118721,0.4007936507936508
chinese-bert,identity,bioe,td,mpbm,test,0.3248407643312102,0.4636363636363636,0.38202247191011235
chinese-bert,identity,bioe,td,mbawo,training,0.604266255461321,0.6628326567433469,0.632195961388508
chinese-bert,identity,bioe,td,mbawo,validation,0.48821318756405874,0.5458365164247517,0.515419296663661
chinese-bert,identity,bioe,td,mbawo,optimization,0.5030655050016134,0.6077972709551657,0.5504943502824858
chinese-bert,identity,bioe,td,mbawo,test,0.43695834498182834,0.5988505747126437,0.5052529497333118
chinese-bert,identity,bioe,td,mwo,training,0.6684656900539707,0.7332543978349121,0.69936274905219
chinese-bert,identity,bioe,td,mwo,validation,0.5456098394260335,0.6100076394194042,0.576014427412083
chinese-bert,identity,bioe,td,mwo,optimization,0.5756695708292998,0.6955165692007798,0.6299435028248588
chinese-bert,identity,bioe,td,mwo,test,0.49566675985462677,0.6793103448275862,0.5731372232099564
chinese-bert,identity,bioj,bd,epm,training,0.29435483870967744,0.2698706099815157,0.28158148505303765
chinese-bert,identity,bioj,bd,epm,validation,0.19117647058823528,0.14942528735632185,0.16774193548387095
chinese-bert,identity,bioj,bd,epm,optimization,0.13333333333333333,0.12987012987012986,0.13157894736842102
chinese-bert,identity,bioj,bd,epm,test,0.10112359550561797,0.1111111111111111,0.10588235294117647
chinese-bert,identity,bioj,bd,mpbm,training,0.5522260273972602,0.4364005412719892,0.48752834467120176
chinese-bert,identity,bioj,bd,mpbm,validation,0.44047619047619047,0.3135593220338983,0.36633663366336633
chinese-bert,identity,bioj,bd,mpbm,optimization,0.4093567251461988,0.319634703196347,0.358974358974359
chinese-bert,identity,bioj,bd,mpbm,test,0.29411764705882354,0.29545454545454547,0.29478458049886624
chinese-bert,identity,bioj,bd,mbawo,training,0.7392696500724251,0.5467410915651781,0.6285936537775905
chinese-bert,identity,bioj,bd,mbawo,validation,0.6363636363636364,0.45187165775401067,0.5284788921152557
chinese-bert,identity,bioj,bd,mbawo,optimization,0.6756607929515418,0.4783625730994152,0.5601460853686373
chinese-bert,identity,bioj,bd,mbawo,test,0.5267523849025301,0.48659003831417624,0.5058753236407091
chinese-bert,identity,bioj,bd,mwo,training,0.8088739803308683,0.5982183130356338,0.687777525686319
chinese-bert,identity,bioj,bd,mwo,validation,0.699838622915546,0.4969442322383499,0.5811927630109448
chinese-bert,identity,bioj,bd,mwo,optimization,0.736784140969163,0.5216374269005848,0.6108194476146998
chinese-bert,identity,bioj,bd,mwo,test,0.5752799668187474,0.5314176245210728,0.5524795857398924
chinese-bert,identity,bioj,td,epm,training,0.2600732600732601,0.39371534195933455,0.31323529411764706
chinese-bert,identity,bioj,td,epm,validation,0.18253968253968253,0.26436781609195403,0.21596244131455397
chinese-bert,identity,bioj,td,epm,optimization,0.09219858156028368,0.16883116883116883,0.11926605504587157
chinese-bert,identity,bioj,td,epm,test,0.1568627450980392,0.2962962962962963,0.20512820512820515
chinese-bert,identity,bioj,td,mpbm,training,0.5230352303523035,0.5223274695534507,0.5226811103588355
chinese-bert,identity,bioj,td,mpbm,validation,0.40487804878048783,0.3516949152542373,0.3764172335600907
chinese-bert,identity,bioj,td,mpbm,optimization,0.3291139240506329,0.3561643835616438,0.3421052631578947
chinese-bert,identity,bioj,td,mpbm,test,0.3568627450980392,0.41363636363636364,0.3831578947368421
chinese-bert,identity,bioj,td,mbawo,training,0.6348403607116744,0.5874492557510149,0.610226074733513
chinese-bert,identity,bioj,td,mbawo,validation,0.5641255605381166,0.4805194805194805,0.518976897689769
chinese-bert,identity,bioj,td,mbawo,optimization,0.499033629686896,0.5033138401559454,0.5011645962732919
chinese-bert,identity,bioj,td,mbawo,test,0.48132780082987553,0.5333333333333333,0.5059978189749182
chinese-bert,identity,bioj,td,mwo,training,0.7275773824031196,0.6732634190347316,0.6993674592948342
chinese-bert,identity,bioj,td,mwo,validation,0.6488789237668161,0.5527119938884645,0.596947194719472
chinese-bert,identity,bioj,td,mwo,optimization,0.6072671047545419,0.6124756335282651,0.609860248447205
chinese-bert,identity,bioj,td,mwo,test,0.5584370677731674,0.6187739463601533,0.5870592511813887
chinese-bert,identity,biom,bd,epm,training,0.4029574861367837,0.4029574861367837,0.4029574861367837
chinese-bert,identity,biom,bd,epm,validation,0.3614457831325301,0.3448275862068966,0.3529411764705882
chinese-bert,identity,biom,bd,epm,optimization,0.29069767441860467,0.3246753246753247,0.3067484662576687
chinese-bert,identity,biom,bd,epm,test,0.3008849557522124,0.41975308641975306,0.3505154639175258
chinese-bert,identity,biom,bd,mpbm,training,0.5985778926955397,0.6265223274695535,0.6122314049586778
chinese-bert,identity,biom,bd,mpbm,validation,0.5188284518828452,0.5254237288135594,0.5221052631578947
chinese-bert,identity,biom,bd,mpbm,optimization,0.4624505928853755,0.5342465753424658,0.4957627118644068
chinese-bert,identity,biom,bd,mpbm,test,0.4019607843137255,0.5590909090909091,0.467680608365019
chinese-bert,identity,biom,bd,mbawo,training,0.6970817013295084,0.7124492557510149,0.7046817053788026
chinese-bert,identity,biom,bd,mbawo,validation,0.6622013034033309,0.6986249045072574,0.6799256505576209
chinese-bert,identity,biom,bd,mbawo,optimization,0.6397887323943662,0.7083820662768031,0.6723404255319149
chinese-bert,identity,biom,bd,mbawo,test,0.5042291950886767,0.7080459770114943,0.5890039840637451
chinese-bert,identity,biom,bd,mwo,training,0.729574667622883,0.745658547586829,0.7375289295374062
chinese-bert,identity,biom,bd,mwo,validation,0.6929761042722665,0.7310924369747899,0.7115241635687733
chinese-bert,identity,biom,bd,mwo,optimization,0.6616197183098591,0.7325536062378167,0.6952821461609621
chinese-bert,identity,biom,bd,mwo,test,0.5276944065484311,0.7409961685823755,0.6164143426294821
chinese-bert,identity,biom,td,epm,training,0.3583106267029973,0.48613678373382624,0.4125490196078431
chinese-bert,identity,biom,td,epm,validation,0.2636363636363636,0.3333333333333333,0.2944162436548223
chinese-bert,identity,biom,td,epm,optimization,0.1864406779661017,0.2857142857142857,0.22564102564102564
chinese-bert,identity,biom,td,epm,test,0.1984126984126984,0.30864197530864196,0.24154589371980673
chinese-bert,identity,biom,td,mpbm,training,0.5294725956566702,0.6928281461434371,0.6002344665885111
chinese-bert,identity,biom,td,mpbm,validation,0.4305555555555556,0.5254237288135594,0.4732824427480916
chinese-bert,identity,biom,td,mpbm,optimization,0.40878378378378377,0.5525114155251142,0.46990291262135925
chinese-bert,identity,biom,td,mpbm,test,0.3487654320987654,0.5136363636363637,0.41544117647058826
chinese-bert,identity,biom,td,mbawo,training,0.6126288094716071,0.7877198917456022,0.6892281887471943
chinese-bert,identity,biom,td,mbawo,validation,0.5743344301525576,0.7333842627960275,0.6441872169099144
chinese-bert,identity,biom,td,mbawo,optimization,0.5450086555106751,0.7364522417153996,0.6264301110926876
chinese-bert,identity,biom,td,mbawo,test,0.4477068672652269,0.7068965517241379,0.5482097756648344
chinese-bert,identity,biom,td,mwo,training,0.6382372286779215,0.8206472710870546,0.7180385288966725
chinese-bert,identity,biom,td,mwo,validation,0.5958719712832785,0.7608861726508785,0.6683442375440363
chinese-bert,identity,biom,td,mwo,optimization,0.586266589728794,0.7922027290448344,0.6738517658763058
chinese-bert,identity,biom,td,mwo,test,0.4773113322009221,0.753639846743295,0.5844599613727529
chinese-bert,identity,bioje,bd,epm,training,0.2510460251046025,0.33271719038817005,0.2861685214626391
chinese-bert,identity,bioje,bd,epm,validation,0.12121212121212122,0.13793103448275862,0.12903225806451615
chinese-bert,identity,bioje,bd,epm,optimization,0.18691588785046728,0.2597402597402597,0.21739130434782605
chinese-bert,identity,bioje,bd,epm,test,0.16071428571428573,0.2222222222222222,0.18652849740932642
chinese-bert,identity,bioje,bd,mpbm,training,0.48747815958066393,0.5663058186738836,0.523943661971831
chinese-bert,identity,bioje,bd,mpbm,validation,0.3745173745173745,0.4110169491525424,0.39191919191919194
chinese-bert,identity,bioje,bd,mpbm,optimization,0.35793357933579334,0.4429223744292237,0.39591836734693875
chinese-bert,identity,bioje,bd,mpbm,test,0.29411764705882354,0.38636363636363635,0.3339882121807466
chinese-bert,identity,bioje,bd,mbawo,training,0.6501439964554718,0.661874154262517,0.6559566383549396
chinese-bert,identity,bioje,bd,mbawo,validation,0.5515482695810565,0.5783040488922842,0.5646093604325937
chinese-bert,identity,bioje,bd,mbawo,optimization,0.5701241782322863,0.6085769980506822,0.5887233641335095
chinese-bert,identity,bioje,bd,mbawo,test,0.5111670336583831,0.6226053639846744,0.5614095698738988
chinese-bert,identity,bioje,bd,mwo,training,0.6877492246344705,0.7001578709968426,0.6938980777827447
chinese-bert,identity,bioje,bd,mwo,validation,0.6036429872495446,0.63292589763178,0.6179377214245758
chinese-bert,identity,bioje,bd,mwo,optimization,0.6095690284879474,0.650682261208577,0.6294550254572884
chinese-bert,identity,bioje,bd,mwo,test,0.5419943378420887,0.6601532567049808,0.5952668854724478
chinese-bert,identity,bioje,td,epm,training,0.3355155482815057,0.3789279112754159,0.35590277777777785
chinese-bert,identity,bioje,td,epm,validation,0.19047619047619047,0.22988505747126436,0.20833333333333334
chinese-bert,identity,bioje,td,epm,optimization,0.15841584158415842,0.2077922077922078,0.17977528089887643
chinese-bert,identity,bioje,td,epm,test,0.16216216216216217,0.2222222222222222,0.1875
chinese-bert,identity,bioje,td,mpbm,training,0.6437659033078881,0.513531799729364,0.571321038765525
chinese-bert,identity,bioje,td,mpbm,validation,0.44785276073619634,0.3093220338983051,0.3659147869674186
chinese-bert,identity,bioje,td,mpbm,optimization,0.44751381215469616,0.3698630136986301,0.405
chinese-bert,identity,bioje,td,mpbm,test,0.4010152284263959,0.35909090909090907,0.37889688249400477
chinese-bert,identity,bioje,td,mbawo,training,0.7130077724006453,0.5482634190347316,0.6198763307197043
chinese-bert,identity,bioje,td,mbawo,validation,0.5997920997920998,0.440794499618029,0.50814619110524
chinese-bert,identity,bioje,td,mbawo,optimization,0.6108468125594672,0.5005847953216375,0.550246410970645
chinese-bert,identity,bioje,td,mbawo,test,0.5175857577073383,0.4567049808429119,0.4852432322409933
chinese-bert,identity,bioje,td,mwo,training,0.8333333333333334,0.640787099684258,0.7244852425575318
chinese-bert,identity,bioje,td,mwo,validation,0.7286902286902287,0.5355233002291826,0.6173491853808896
chinese-bert,identity,bioje,td,mwo,optimization,0.7045670789724072,0.5773879142300195,0.6346689522176987
chinese-bert,identity,bioje,td,mwo,test,0.61615284411637,0.5436781609195402,0.5776511296560147
chinese-bert,identity,biome,bd,epm,training,0.5844748858447488,0.4731977818853974,0.5229826353421858
chinese-bert,identity,biome,bd,epm,validation,0.30434782608695654,0.2413793103448276,0.2692307692307692
chinese-bert,identity,biome,bd,epm,optimization,0.2786885245901639,0.22077922077922077,0.2463768115942029
chinese-bert,identity,biome,bd,epm,test,0.325,0.32098765432098764,0.32298136645962733
chinese-bert,identity,biome,bd,mpbm,training,0.7548543689320388,0.6312584573748309,0.6875460574797346
chinese-bert,identity,biome,bd,mpbm,validation,0.5439560439560439,0.4194915254237288,0.47368421052631576
chinese-bert,identity,biome,bd,mpbm,optimization,0.5952380952380952,0.45662100456621,0.516795865633075
chinese-bert,identity,biome,bd,mpbm,test,0.4611872146118721,0.4590909090909091,0.460136674259681
chinese-bert,identity,biome,bd,mbawo,training,0.8670912951167729,0.6907983761840325,0.7689700621351911
chinese-bert,identity,biome,bd,mbawo,validation,0.7592592592592593,0.6107715813598167,0.6769686706181203
chinese-bert,identity,biome,bd,mbawo,optimization,0.793904958677686,0.5992202729044834,0.6829593423683626
chinese-bert,identity,biome,bd,mbawo,test,0.604903536977492,0.5766283524904214,0.5904276186739897
chinese-bert,identity,biome,bd,mwo,training,0.8866242038216561,0.706359945872801,0.7862926002636038
chinese-bert,identity,biome,bd,mwo,validation,0.7896486229819563,0.6352177234530175,0.704064352243861
chinese-bert,identity,biome,bd,mwo,optimization,0.8021694214876033,0.605458089668616,0.6900688735836481
chinese-bert,identity,biome,bd,mwo,test,0.6386655948553055,0.6088122605363985,0.6233817183209102
chinese-bert,identity,biome,td,epm,training,0.46308724832214765,0.5101663585951941,0.4854881266490765
chinese-bert,identity,biome,td,epm,validation,0.25555555555555554,0.26436781609195403,0.2598870056497175
chinese-bert,identity,biome,td,epm,optimization,0.23595505617977527,0.2727272727272727,0.25301204819277107
chinese-bert,identity,biome,td,epm,test,0.2413793103448276,0.345679012345679,0.28426395939086296
chinese-bert,identity,biome,td,mpbm,training,0.6311326468806784,0.7050067658998647,0.6660274848194311
chinese-bert,identity,biome,td,mpbm,validation,0.48828125,0.5296610169491526,0.5081300813008129
chinese-bert,identity,biome,td,mpbm,optimization,0.46887966804979253,0.5159817351598174,0.49130434782608695
chinese-bert,identity,biome,td,mpbm,test,0.3785488958990536,0.5454545454545454,0.44692737430167595
chinese-bert,identity,biome,td,mbawo,training,0.7527898940689968,0.7492670275146595,0.7510243295939416
chinese-bert,identity,biome,td,mbawo,validation,0.6828416149068323,0.671886936592819,0.6773199845976127
chinese-bert,identity,biome,td,mbawo,optimization,0.6422569027611045,0.6257309941520468,0.6338862559241707
chinese-bert,identity,biome,td,mbawo,test,0.5311942959001783,0.6850574712643678,0.5983935742971888
chinese-bert,identity,biome,td,mwo,training,0.786268622896958,0.7825890843482183,0.7844245386984656
chinese-bert,identity,biome,td,mwo,validation,0.7228260869565217,0.7112299465240641,0.7169811320754716
chinese-bert,identity,biome,td,mwo,optimization,0.657062825130052,0.6401559454191034,0.6484992101105845
chinese-bert,identity,biome,td,mwo,test,0.5469399881164587,0.7053639846743295,0.6161311914323963
chinese-bert,identity,biomj,bd,epm,training,0.5674044265593562,0.5212569316081331,0.5433526011560694
chinese-bert,identity,biomj,bd,epm,validation,0.30952380952380953,0.2988505747126437,0.30409356725146197
chinese-bert,identity,biomj,bd,epm,optimization,0.31645569620253167,0.3246753246753247,0.32051282051282054
chinese-bert,identity,biomj,bd,epm,test,0.325,0.32098765432098764,0.32298136645962733
chinese-bert,identity,biomj,bd,mpbm,training,0.7139737991266376,0.6637347767253045,0.6879382889200562
chinese-bert,identity,biomj,bd,mpbm,validation,0.47413793103448276,0.4661016949152542,0.47008547008547
chinese-bert,identity,biomj,bd,mpbm,optimization,0.5231481481481481,0.5159817351598174,0.5195402298850575
chinese-bert,identity,biomj,bd,mpbm,test,0.4396551724137931,0.4636363636363636,0.4513274336283185
chinese-bert,identity,biomj,bd,mbawo,training,0.8273182635499615,0.7263757329724854,0.7735679116128259
chinese-bert,identity,biomj,bd,mbawo,validation,0.6946902654867256,0.6596638655462185,0.6767241379310345
chinese-bert,identity,biomj,bd,mbawo,optimization,0.7071638039379975,0.6580896686159844,0.6817447495961229
chinese-bert,identity,biomj,bd,mbawo,test,0.5824175824175825,0.6091954022988506,0.5955056179775282
chinese-bert,identity,biomj,bd,mwo,training,0.8479321859748266,0.7444745151105097,0.7928425603458629
chinese-bert,identity,biomj,bd,mwo,validation,0.7164119066773934,0.6802902979373567,0.697884012539185
chinese-bert,identity,biomj,bd,mwo,optimization,0.7268537913699205,0.6764132553606238,0.7007269789983845
chinese-bert,identity,biomj,bd,mwo,test,0.6021978021978022,0.6298850574712643,0.6157303370786517
chinese-bert,identity,biomj,td,epm,training,0.5497382198952879,0.5822550831792976,0.5655296229802514
chinese-bert,identity,biomj,td,epm,validation,0.34523809523809523,0.3333333333333333,0.3391812865497076
chinese-bert,identity,biomj,td,epm,optimization,0.2717391304347826,0.3246753246753247,0.2958579881656805
chinese-bert,identity,biomj,td,epm,test,0.22857142857142856,0.2962962962962963,0.25806451612903225
chinese-bert,identity,biomj,td,mpbm,training,0.7131367292225201,0.7198917456021651,0.7164983164983165
chinese-bert,identity,biomj,td,mpbm,validation,0.4782608695652174,0.4661016949152542,0.4721030042918455
chinese-bert,identity,biomj,td,mpbm,optimization,0.49145299145299143,0.5251141552511416,0.5077262693156732
chinese-bert,identity,biomj,td,mpbm,test,0.3946360153256705,0.4681818181818182,0.42827442827442824
chinese-bert,identity,biomj,td,mbawo,training,0.8260607521697203,0.7727785295444294,0.7985318107667211
chinese-bert,identity,biomj,td,mbawo,validation,0.6771622160223196,0.648968678380443,0.6627657499512385
chinese-bert,identity,biomj,td,mbawo,optimization,0.6145333825156769,0.6495126705653022,0.6315390447308568
chinese-bert,identity,biomj,td,mbawo,test,0.546028580923895,0.6295019157088123,0.5848015661149671
chinese-bert,identity,biomj,td,mwo,training,0.851675506268081,0.7967410915651781,0.8232929387089256
chinese-bert,identity,biomj,td,mwo,validation,0.703068951773615,0.6737967914438503,0.6881217086015213
chinese-bert,identity,biomj,td,mwo,optimization,0.6569531538177794,0.6943469785575048,0.6751326762699014
chinese-bert,identity,biomj,td,mwo,test,0.5845795945496843,0.6739463601532567,0.6260900516106069
chinese-bert,identity,biomje,bd,epm,training,0.5023255813953489,0.5988909426987061,0.5463743676222598
chinese-bert,identity,biomje,bd,epm,validation,0.2916666666666667,0.3218390804597701,0.30601092896174864
chinese-bert,identity,biomje,bd,epm,optimization,0.23300970873786409,0.3116883116883117,0.26666666666666666
chinese-bert,identity,biomje,bd,epm,test,0.23636363636363636,0.32098765432098764,0.27225130890052357
chinese-bert,identity,biomje,bd,mpbm,training,0.6375764313507504,0.7760487144790257,0.7000305157155935
chinese-bert,identity,biomje,bd,mpbm,validation,0.4835164835164835,0.559322033898305,0.518664047151277
chinese-bert,identity,biomje,bd,mpbm,optimization,0.44014084507042256,0.5707762557077626,0.49701789264413515
chinese-bert,identity,biomje,bd,mpbm,test,0.36163522012578614,0.5227272727272727,0.42750929368029733
chinese-bert,identity,biomje,bd,mbawo,training,0.7425354122082951,0.8216621560667569,0.7800974251913709
chinese-bert,identity,biomje,bd,mbawo,validation,0.6429330499468651,0.6932773109243697,0.6671567726520861
chinese-bert,identity,biomje,bd,mbawo,optimization,0.6101806239737274,0.7243664717348928,0.6623885918003565
chinese-bert,identity,biomje,bd,mbawo,test,0.507202881152461,0.6475095785440613,0.5688320430831371
chinese-bert,identity,biomje,bd,mwo,training,0.7612860491185163,0.8424109156517817,0.7997965847652694
chinese-bert,identity,biomje,bd,mwo,validation,0.6741055614594403,0.726890756302521,0.6995037676897629
chinese-bert,identity,biomje,bd,mwo,optimization,0.6288998357963875,0.746588693957115,0.6827094474153298
chinese-bert,identity,biomje,bd,mwo,test,0.5243097238895558,0.6693486590038314,0.5880175025244024
chinese-bert,identity,biomje,td,epm,training,0.4248927038626609,0.5489833641404805,0.47903225806451605
chinese-bert,identity,biomje,td,epm,validation,0.29914529914529914,0.40229885057471265,0.3431372549019608
chinese-bert,identity,biomje,td,epm,optimization,0.19469026548672566,0.2857142857142857,0.23157894736842105
chinese-bert,identity,biomje,td,epm,test,0.16058394160583941,0.2716049382716049,0.20183486238532108
chinese-bert,identity,biomje,td,mpbm,training,0.5943293347873501,0.7374830852503383,0.6582125603864735
chinese-bert,identity,biomje,td,mpbm,validation,0.4440789473684211,0.5720338983050848,0.5
chinese-bert,identity,biomje,td,mpbm,optimization,0.40213523131672596,0.5159817351598174,0.452
chinese-bert,identity,biomje,td,mpbm,test,0.3202416918429003,0.4818181818181818,0.3847549909255898
chinese-bert,identity,biomje,td,mbawo,training,0.7000306247447938,0.7732859720342805,0.7348371195885126
chinese-bert,identity,biomje,td,mbawo,validation,0.6022544283413849,0.7142857142857143,0.6535034073038616
chinese-bert,identity,biomje,td,mbawo,optimization,0.6060606060606061,0.6705653021442495,0.6366833240792152
chinese-bert,identity,biomje,td,mbawo,test,0.5,0.6639846743295019,0.5704410796576695
chinese-bert,identity,biomje,td,mwo,training,0.7396386280114332,0.8170387911592242,0.7764144877839692
chinese-bert,identity,biomje,td,mwo,validation,0.6325281803542673,0.7501909854851031,0.6863533112004193
chinese-bert,identity,biomje,td,mwo,optimization,0.6416490486257929,0.7099415204678362,0.6740699611327041
chinese-bert,identity,biomje,td,mwo,test,0.5415464512406232,0.7191570881226054,0.6178406846609611
chinese-bert,lstm,bio,bd,epm,training,0.6903553299492385,0.7541589648798521,0.7208480565371024
chinese-bert,lstm,bio,bd,epm,validation,0.34285714285714286,0.41379310344827586,0.375
chinese-bert,lstm,bio,bd,epm,optimization,0.3137254901960784,0.4155844155844156,0.3575418994413408
chinese-bert,lstm,bio,bd,epm,test,0.2807017543859649,0.3950617283950617,0.3282051282051282
chinese-bert,lstm,bio,bd,mpbm,training,0.8190298507462687,0.8910690121786198,0.8535320803629294
chinese-bert,lstm,bio,bd,mpbm,validation,0.5333333333333333,0.6440677966101694,0.5834932821497121
chinese-bert,lstm,bio,bd,mpbm,optimization,0.5370370370370371,0.6621004566210046,0.5930470347648262
chinese-bert,lstm,bio,bd,mpbm,test,0.40634920634920635,0.5818181818181818,0.4785046728971963
chinese-bert,lstm,bio,bd,mbawo,training,0.8369380940148985,0.9185272891294542,0.8758366710572296
chinese-bert,lstm,bio,bd,mbawo,validation,0.5663766488913836,0.7708174178762414,0.6529687752790809
chinese-bert,lstm,bio,bd,mbawo,optimization,0.5735981308411215,0.765692007797271,0.6558690933377861
chinese-bert,lstm,bio,bd,mbawo,test,0.5066502463054188,0.7881226053639847,0.6167916041979011
chinese-bert,lstm,bio,bd,mwo,training,0.8470074492679168,0.9295782589084348,0.8863740222037042
chinese-bert,lstm,bio,bd,mwo,validation,0.590232949761437,0.8032849503437739,0.680472415466753
chinese-bert,lstm,bio,bd,mwo,optimization,0.6334696261682243,0.8456140350877193,0.724327934546669
chinese-bert,lstm,bio,bd,mwo,test,0.5216748768472906,0.8114942528735632,0.6350824587706148
chinese-bert,lstm,bio,td,epm,training,0.9014336917562724,0.9297597042513863,0.9153776160145587
chinese-bert,lstm,bio,td,epm,validation,0.4943820224719101,0.5057471264367817,0.5
chinese-bert,lstm,bio,td,epm,optimization,0.4024390243902439,0.42857142857142855,0.41509433962264153
chinese-bert,lstm,bio,td,epm,test,0.3333333333333333,0.43209876543209874,0.3763440860215054
chinese-bert,lstm,bio,td,mpbm,training,0.9423205902079141,0.9506089309878214,0.946446615021893
chinese-bert,lstm,bio,td,mpbm,validation,0.657258064516129,0.690677966101695,0.6735537190082644
chinese-bert,lstm,bio,td,mpbm,optimization,0.5675675675675675,0.5753424657534246,0.5714285714285713
chinese-bert,lstm,bio,td,mpbm,test,0.4425087108013937,0.5772727272727273,0.5009861932938855
chinese-bert,lstm,bio,td,mbawo,training,0.9533879291002917,0.9583333333333334,0.955854234619278
chinese-bert,lstm,bio,td,mbawo,validation,0.7094547964113181,0.7853323147440795,0.7454677302393039
chinese-bert,lstm,bio,td,mbawo,optimization,0.6534767575873992,0.6631578947368421,0.65828173374613
chinese-bert,lstm,bio,td,mbawo,test,0.5226510067114094,0.7160919540229885,0.6042677012609117
chinese-bert,lstm,bio,td,mwo,training,0.9674108144491811,0.9724289580514208,0.9699133955685525
chinese-bert,lstm,bio,td,mwo,validation,0.7322291235334714,0.8105423987776929,0.7693981145757796
chinese-bert,lstm,bio,td,mwo,optimization,0.6845946984248944,0.6947368421052632,0.6896284829721363
chinese-bert,lstm,bio,td,mwo,test,0.5394295302013423,0.7390804597701149,0.623666343355965
chinese-bert,lstm,bioe,bd,epm,training,0.41935483870967744,0.3844731977818854,0.4011571841851494
chinese-bert,lstm,bioe,bd,epm,validation,0.45714285714285713,0.367816091954023,0.4076433121019109
chinese-bert,lstm,bioe,bd,epm,optimization,0.39705882352941174,0.35064935064935066,0.3724137931034483
chinese-bert,lstm,bioe,bd,epm,test,0.3,0.3333333333333333,0.3157894736842105
chinese-bert,lstm,bioe,bd,mpbm,training,0.6714285714285714,0.6359945872801083,0.6532314107018763
chinese-bert,lstm,bioe,bd,mpbm,validation,0.6384976525821596,0.576271186440678,0.6057906458797326
chinese-bert,lstm,bioe,bd,mpbm,optimization,0.6414141414141414,0.5799086757990868,0.6091127098321344
chinese-bert,lstm,bioe,bd,mpbm,test,0.48148148148148145,0.5318181818181819,0.5053995680345572
chinese-bert,lstm,bioe,bd,mbawo,training,0.7328193094200469,0.7395128552097429,0.7361508671493516
chinese-bert,lstm,bioe,bd,mbawo,validation,0.7033346109620544,0.700916730328495,0.7021235890568203
chinese-bert,lstm,bioe,bd,mbawo,optimization,0.7010388611004232,0.7103313840155946,0.7056545313710302
chinese-bert,lstm,bioe,bd,mbawo,test,0.542540443379269,0.6938697318007663,0.6089441829186282
chinese-bert,lstm,bioe,bd,mwo,training,0.7620963236115768,0.7690572846188543,0.7655609810854801
chinese-bert,lstm,bioe,bd,mwo,validation,0.7290149482560367,0.7265087853323148,0.7277597092022192
chinese-bert,lstm,bioe,bd,mwo,optimization,0.7310504040015391,0.7407407407407407,0.7358636715724245
chinese-bert,lstm,bioe,bd,mwo,test,0.5811863391252247,0.7432950191570882,0.652320107599193
chinese-bert,lstm,bioe,td,epm,training,0.486810551558753,0.3752310536044362,0.4237995824634656
chinese-bert,lstm,bioe,td,epm,validation,0.46551724137931033,0.3103448275862069,0.3724137931034483
chinese-bert,lstm,bioe,td,epm,optimization,0.4426229508196721,0.35064935064935066,0.3913043478260869
chinese-bert,lstm,bioe,td,epm,test,0.34146341463414637,0.345679012345679,0.3435582822085889
chinese-bert,lstm,bioe,td,mpbm,training,0.7493309545049064,0.5683355886332883,0.6464024624855714
chinese-bert,lstm,bioe,td,mpbm,validation,0.7307692307692307,0.4830508474576271,0.5816326530612245
chinese-bert,lstm,bioe,td,mpbm,optimization,0.6987179487179487,0.4977168949771689,0.5813333333333333
chinese-bert,lstm,bioe,td,mpbm,test,0.5482233502538071,0.4909090909090909,0.5179856115107914
chinese-bert,lstm,bioe,td,mbawo,training,0.7916182402406509,0.6528529544429409,0.7155702499768254
chinese-bert,lstm,bioe,td,mbawo,validation,0.7630085146641438,0.6161191749427044,0.6817413355874895
chinese-bert,lstm,bioe,td,mbawo,optimization,0.7639442231075697,0.5980506822612086,0.6708943800568554
chinese-bert,lstm,bioe,td,mbawo,test,0.5825637236793498,0.6042145593869732,0.5931916494263683
chinese-bert,lstm,bioe,td,mwo,training,0.8385178095303206,0.691531348669373,0.7579643419954886
chinese-bert,lstm,bioe,td,mwo,validation,0.8013245033112583,0.6470588235294118,0.7159763313609467
chinese-bert,lstm,bioe,td,mwo,optimization,0.8122509960159362,0.6358674463937621,0.7133172971790948
chinese-bert,lstm,bioe,td,mwo,test,0.6231991134096786,0.6463601532567049,0.6345683656197103
chinese-bert,lstm,bioj,bd,epm,training,0.8052930056710775,0.7874306839186691,0.7962616822429907
chinese-bert,lstm,bioj,bd,epm,validation,0.3,0.2413793103448276,0.26751592356687903
chinese-bert,lstm,bioj,bd,epm,optimization,0.3333333333333333,0.3246753246753247,0.32894736842105265
chinese-bert,lstm,bioj,bd,epm,test,0.2857142857142857,0.2962962962962963,0.2909090909090909
chinese-bert,lstm,bioj,bd,mpbm,training,0.8828647925033467,0.8924221921515562,0.8876177658142665
chinese-bert,lstm,bioj,bd,mpbm,validation,0.5857142857142857,0.5211864406779662,0.5515695067264574
chinese-bert,lstm,bioj,bd,mpbm,optimization,0.5781990521327014,0.5570776255707762,0.5674418604651162
chinese-bert,lstm,bioj,bd,mpbm,test,0.4657039711191336,0.5863636363636363,0.5191146881287726
chinese-bert,lstm,bioj,bd,mbawo,training,0.912285540905831,0.9323973838520523,0.9222318266737305
chinese-bert,lstm,bioj,bd,mbawo,validation,0.6588602654176424,0.6447669977081741,0.6517374517374517
chinese-bert,lstm,bioj,bd,mbawo,optimization,0.6578740157480315,0.6514619883040935,0.6546523016650343
chinese-bert,lstm,bioj,bd,mbawo,test,0.5502725620835857,0.696168582375479,0.61468200270636
chinese-bert,lstm,bioj,bd,mwo,training,0.9219396480388371,0.9422643211547136,0.9319911886902937
chinese-bert,lstm,bioj,bd,mwo,validation,0.6908665105386417,0.6760886172650878,0.6833976833976834
chinese-bert,lstm,bioj,bd,mwo,optimization,0.7043307086614173,0.6974658869395711,0.7008814887365328
chinese-bert,lstm,bioj,bd,mwo,test,0.5678376741368867,0.7183908045977011,0.6343031123139377
chinese-bert,lstm,bioj,td,epm,training,0.8321678321678322,0.8798521256931608,0.8553459119496856
chinese-bert,lstm,bioj,td,epm,validation,0.4845360824742268,0.5402298850574713,0.5108695652173914
chinese-bert,lstm,bioj,td,epm,optimization,0.30526315789473685,0.37662337662337664,0.3372093023255814
chinese-bert,lstm,bioj,td,epm,test,0.3119266055045872,0.41975308641975306,0.3578947368421052
chinese-bert,lstm,bioj,td,mpbm,training,0.9161595672751859,0.9167794316644113,0.9164693946567466
chinese-bert,lstm,bioj,td,mpbm,validation,0.6495726495726496,0.6440677966101694,0.6468085106382979
chinese-bert,lstm,bioj,td,mpbm,optimization,0.5964125560538116,0.6073059360730594,0.6018099547511311
chinese-bert,lstm,bioj,td,mpbm,test,0.4626865671641791,0.5636363636363636,0.5081967213114753
chinese-bert,lstm,bioj,td,mbawo,training,0.9572921399363925,0.950383400992332,0.9538252602987777
chinese-bert,lstm,bioj,td,mbawo,validation,0.7486548808608763,0.7440794499618029,0.7463601532567051
chinese-bert,lstm,bioj,td,mbawo,optimization,0.6584883260783537,0.6487329434697856,0.6535742340926944
chinese-bert,lstm,bioj,td,mbawo,test,0.5733082706766918,0.7011494252873564,0.6308169596690797
chinese-bert,lstm,bioj,td,mwo,training,0.9647319400272604,0.9577695083446098,0.9612381167949298
chinese-bert,lstm,bioj,td,mwo,validation,0.7859338970023059,0.7811306340718105,0.7835249042145592
chinese-bert,lstm,bioj,td,mwo,optimization,0.7305104867431738,0.7196881091617934,0.725058915946583
chinese-bert,lstm,bioj,td,mwo,test,0.5886591478696742,0.7199233716475095,0.6477076870044812
chinese-bert,lstm,biom,bd,epm,training,0.5223529411764706,0.41035120147874304,0.45962732919254656
chinese-bert,lstm,biom,bd,epm,validation,0.48484848484848486,0.367816091954023,0.41830065359477125
chinese-bert,lstm,biom,bd,epm,optimization,0.46774193548387094,0.37662337662337664,0.41726618705035967
chinese-bert,lstm,biom,bd,epm,test,0.36363636363636365,0.345679012345679,0.3544303797468354
chinese-bert,lstm,biom,bd,mpbm,training,0.6959876543209876,0.6102841677943166,0.6503244412400865
chinese-bert,lstm,biom,bd,mpbm,validation,0.6617647058823529,0.5720338983050848,0.6136363636363638
chinese-bert,lstm,biom,bd,mpbm,optimization,0.6368421052631579,0.5525114155251142,0.5916870415647921
chinese-bert,lstm,biom,bd,mpbm,test,0.45714285714285713,0.509090909090909,0.4817204301075269
chinese-bert,lstm,biom,bd,mbawo,training,0.7946763147693501,0.6935047361299053,0.740651532486301
chinese-bert,lstm,biom,bd,mbawo,validation,0.7390053431976983,0.6867838044308633,0.7119382300534547
chinese-bert,lstm,biom,bd,mbawo,optimization,0.7547926883637985,0.6600389863547759,0.7042429284525792
chinese-bert,lstm,biom,bd,mbawo,test,0.5627846454131424,0.6628352490421456,0.6087262491203378
chinese-bert,lstm,biom,bd,mwo,training,0.833764052203127,0.727616147947677,0.7770819533931475
chinese-bert,lstm,biom,bd,mwo,validation,0.7657213316892725,0.7116119174942704,0.7376757077806374
chinese-bert,lstm,biom,bd,mwo,optimization,0.7931341952741864,0.6935672514619883,0.7400166389351082
chinese-bert,lstm,biom,bd,mwo,test,0.5933636955107352,0.6988505747126437,0.6418015482054892
chinese-bert,lstm,biom,td,epm,training,0.4297082228116711,0.29944547134935307,0.35294117647058826
chinese-bert,lstm,biom,td,epm,validation,0.3793103448275862,0.25287356321839083,0.30344827586206896
chinese-bert,lstm,biom,td,epm,optimization,0.45454545454545453,0.3246753246753247,0.3787878787878788
chinese-bert,lstm,biom,td,epm,test,0.4444444444444444,0.345679012345679,0.3888888888888889
chinese-bert,lstm,biom,td,mpbm,training,0.6442227763923525,0.5243572395128552,0.578142484147706
chinese-bert,lstm,biom,td,mpbm,validation,0.5970149253731343,0.5084745762711864,0.5491990846681922
chinese-bert,lstm,biom,td,mpbm,optimization,0.6235955056179775,0.5068493150684932,0.5591939546599497
chinese-bert,lstm,biom,td,mpbm,test,0.5369458128078818,0.4954545454545455,0.5153664302600472
chinese-bert,lstm,biom,td,mbawo,training,0.7726100042998424,0.6078597203428056,0.6804039129062797
chinese-bert,lstm,biom,td,mbawo,validation,0.7259358288770054,0.6222307104660045,0.6700946112710818
chinese-bert,lstm,biom,td,mbawo,optimization,0.7792816241540864,0.583625730994152,0.6674097191261703
chinese-bert,lstm,biom,td,mbawo,test,0.6432794639337801,0.6252873563218391,0.6341558189236448
chinese-bert,lstm,biom,td,mwo,training,0.8006306435430701,0.6299052774018945,0.7050804670242979
chinese-bert,lstm,biom,td,mwo,validation,0.7540106951871658,0.6462948815889993,0.6960098724804608
chinese-bert,lstm,biom,td,mwo,optimization,0.799583550234253,0.5988304093567252,0.6847971466785555
chinese-bert,lstm,biom,td,mwo,test,0.6535277887268427,0.6352490421455939,0.644258791529046
chinese-bert,lstm,bioje,bd,epm,training,0.7950413223140496,0.88909426987061,0.8394415357766144
chinese-bert,lstm,bioje,bd,epm,validation,0.42574257425742573,0.4942528735632184,0.4574468085106383
chinese-bert,lstm,bioje,bd,epm,optimization,0.34782608695652173,0.4155844155844156,0.37869822485207105
chinese-bert,lstm,bioje,bd,epm,test,0.3017241379310345,0.43209876543209874,0.3553299492385787
chinese-bert,lstm,bioje,bd,mpbm,training,0.8637751985339035,0.9566982408660352,0.9078651685393259
chinese-bert,lstm,bioje,bd,mpbm,validation,0.596551724137931,0.7330508474576272,0.6577946768060837
chinese-bert,lstm,bioje,bd,mpbm,optimization,0.5298507462686567,0.6484018264840182,0.5831622176591376
chinese-bert,lstm,bioje,bd,mpbm,test,0.41317365269461076,0.6272727272727273,0.4981949458483754
chinese-bert,lstm,bioje,bd,mbawo,training,0.9067845676088215,0.9713576905728462,0.9379610725466178
chinese-bert,lstm,bioje,bd,mbawo,validation,0.6728395061728395,0.7910618792971734,0.7271769662921348
chinese-bert,lstm,bioje,bd,mbawo,optimization,0.6182883176049463,0.7407407407407407,0.6739978715856687
chinese-bert,lstm,bioje,bd,mbawo,test,0.5332474226804124,0.79272030651341,0.6375963020030817
chinese-bert,lstm,bioje,bd,mwo,training,0.9106795094478657,0.9755299954894001,0.9419899278617122
chinese-bert,lstm,bioje,bd,mwo,validation,0.6916829109811566,0.8132161955691367,0.7475421348314606
chinese-bert,lstm,bioje,bd,mwo,optimization,0.6404165310771234,0.7672514619883041,0.6981199006739979
chinese-bert,lstm,bioje,bd,mwo,test,0.5559278350515464,0.8264367816091954,0.6647149460708782
chinese-bert,lstm,bioje,td,epm,training,0.6623853211009174,0.66728280961183,0.6648250460405156
chinese-bert,lstm,bioje,td,epm,validation,0.4939759036144578,0.47126436781609193,0.4823529411764706
chinese-bert,lstm,bioje,td,epm,optimization,0.3793103448275862,0.42857142857142855,0.4024390243902439
chinese-bert,lstm,bioje,td,epm,test,0.28440366972477066,0.38271604938271603,0.3263157894736842
chinese-bert,lstm,bioje,td,mpbm,training,0.8217543859649122,0.7922868741542625,0.8067516362383741
chinese-bert,lstm,bioje,td,mpbm,validation,0.7073170731707317,0.614406779661017,0.6575963718820861
chinese-bert,lstm,bioje,td,mpbm,optimization,0.5821596244131455,0.5662100456621004,0.574074074074074
chinese-bert,lstm,bioje,td,mpbm,test,0.4671814671814672,0.55,0.5052192066805846
chinese-bert,lstm,bioje,td,mbawo,training,0.8810935832048393,0.8376747857465043,0.8588357708538067
chinese-bert,lstm,bioje,td,mbawo,validation,0.764509394572025,0.69938884644767,0.7305006981847197
chinese-bert,lstm,bioje,td,mbawo,optimization,0.6987012987012987,0.6292397660818714,0.6621538461538462
chinese-bert,lstm,bioje,td,mbawo,test,0.5630306988896147,0.660536398467433,0.607898448519041
chinese-bert,lstm,bioje,td,mwo,training,0.901257264855889,0.8568448353631033,0.8784900861321463
chinese-bert,lstm,bioje,td,mwo,validation,0.8058455114822547,0.7372039724980901,0.7699980051865151
chinese-bert,lstm,bioje,td,mwo,optimization,0.7502164502164502,0.6756335282651073,0.710974358974359
chinese-bert,lstm,bioje,td,mwo,test,0.5894839973873286,0.6915708812260536,0.636459802538787
chinese-bert,lstm,biome,bd,epm,training,0.9350180505415162,0.9574861367837338,0.9461187214611871
chinese-bert,lstm,biome,bd,epm,validation,0.5945945945945946,0.5057471264367817,0.5465838509316772
chinese-bert,lstm,biome,bd,epm,optimization,0.4583333333333333,0.42857142857142855,0.44295302013422816
chinese-bert,lstm,biome,bd,epm,test,0.36904761904761907,0.38271604938271603,0.37575757575757573
chinese-bert,lstm,biome,bd,mpbm,training,0.9465101108936725,0.9817320703653586,0.9637994021919628
chinese-bert,lstm,biome,bd,mpbm,validation,0.7083333333333334,0.6483050847457628,0.676991150442478
chinese-bert,lstm,biome,bd,mpbm,optimization,0.6026200873362445,0.6301369863013698,0.6160714285714285
chinese-bert,lstm,biome,bd,mpbm,test,0.484251968503937,0.5590909090909091,0.5189873417721519
chinese-bert,lstm,biome,bd,mbawo,training,0.96875,0.9822958953540821,0.9754759238521837
chinese-bert,lstm,biome,bd,mbawo,validation,0.7317817626859977,0.732620320855615,0.7322008016797098
chinese-bert,lstm,biome,bd,mbawo,optimization,0.7038123167155426,0.7485380116959064,0.7254864915926696
chinese-bert,lstm,biome,bd,mbawo,test,0.5767228177641653,0.721455938697318,0.6410212765957447
chinese-bert,lstm,biome,bd,mwo,training,0.9717526690391459,0.985340550293189,0.9784994400895858
chinese-bert,lstm,biome,bd,mwo,validation,0.7527661198016025,0.7536287242169595,0.7531971750334033
chinese-bert,lstm,biome,bd,mwo,optimization,0.7232404692082112,0.7692007797270956,0.7455129416210089
chinese-bert,lstm,biome,bd,mwo,test,0.5895865237366003,0.7375478927203065,0.6553191489361702
chinese-bert,lstm,biome,td,epm,training,0.698,0.6451016635859519,0.6705091258405379
chinese-bert,lstm,biome,td,epm,validation,0.56,0.4827586206896552,0.5185185185185185
chinese-bert,lstm,biome,td,epm,optimization,0.48,0.4675324675324675,0.4736842105263158
chinese-bert,lstm,biome,td,epm,test,0.38202247191011235,0.41975308641975306,0.4
chinese-bert,lstm,biome,td,mpbm,training,0.8227241615331964,0.8132611637347767,0.8179652943177951
chinese-bert,lstm,biome,td,mpbm,validation,0.7085201793721974,0.6694915254237288,0.6884531590413943
chinese-bert,lstm,biome,td,mpbm,optimization,0.5950413223140496,0.6575342465753424,0.6247288503253796
chinese-bert,lstm,biome,td,mpbm,test,0.47674418604651164,0.5590909090909091,0.5146443514644351
chinese-bert,lstm,biome,td,mbawo,training,0.8606258075389023,0.8637798827244023,0.8621999606044404
chinese-bert,lstm,biome,td,mbawo,validation,0.7442446043165467,0.7902979373567609,0.7665802148944053
chinese-bert,lstm,biome,td,mbawo,optimization,0.6830031282586028,0.7660818713450293,0.7221609702315326
chinese-bert,lstm,biome,td,mbawo,test,0.5872093023255814,0.7352490421455938,0.6529431779516842
chinese-bert,lstm,biome,td,mwo,training,0.8637155215999102,0.8668809201623816,0.8652953259982553
chinese-bert,lstm,biome,td,mwo,validation,0.7661870503597122,0.813598166539343,0.7891811782141533
chinese-bert,lstm,biome,td,mwo,optimization,0.7028154327424401,0.7883040935672515,0.743109151047409
chinese-bert,lstm,biome,td,mwo,test,0.6126070991432069,0.7670498084291187,0.6811840762164002
chinese-bert,lstm,biomj,bd,epm,training,0.7945945945945946,0.8151571164510166,0.8047445255474452
chinese-bert,lstm,biomj,bd,epm,validation,0.5054945054945055,0.5287356321839081,0.5168539325842697
chinese-bert,lstm,biomj,bd,epm,optimization,0.4943820224719101,0.5714285714285714,0.5301204819277108
chinese-bert,lstm,biomj,bd,epm,test,0.38235294117647056,0.48148148148148145,0.4262295081967213
chinese-bert,lstm,biomj,bd,mpbm,training,0.8557377049180328,0.8829499323410014,0.8691308691308691
chinese-bert,lstm,biomj,bd,mpbm,validation,0.6507936507936508,0.6949152542372882,0.6721311475409837
chinese-bert,lstm,biomj,bd,mpbm,optimization,0.5714285714285714,0.6575342465753424,0.6114649681528662
chinese-bert,lstm,biomj,bd,mpbm,test,0.45302013422818793,0.6136363636363636,0.5212355212355212
chinese-bert,lstm,biomj,bd,mbawo,training,0.8809116494674687,0.9000338294993234,0.8903700811557019
chinese-bert,lstm,biomj,bd,mbawo,validation,0.6981526664342976,0.7650878533231474,0.7300893019865136
chinese-bert,lstm,biomj,bd,mbawo,optimization,0.6666666666666666,0.7500974658869396,0.7059255182535314
chinese-bert,lstm,biomj,bd,mbawo,test,0.5526315789473685,0.7,0.6176470588235295
chinese-bert,lstm,biomj,bd,mwo,training,0.8855471552342586,0.9047699594046008,0.8950553587862901
chinese-bert,lstm,biomj,bd,mwo,validation,0.7152317880794702,0.7838044308632544,0.7479496992892289
chinese-bert,lstm,biomj,bd,mwo,optimization,0.6781011781011781,0.762962962962963,0.7180333883691065
chinese-bert,lstm,biomj,bd,mwo,test,0.5629159104658197,0.7130268199233717,0.6291413116970925
chinese-bert,lstm,biomj,td,epm,training,0.87215411558669,0.9205175600739371,0.89568345323741
chinese-bert,lstm,biomj,td,epm,validation,0.5432098765432098,0.5057471264367817,0.5238095238095238
chinese-bert,lstm,biomj,td,epm,optimization,0.47560975609756095,0.5064935064935064,0.490566037735849
chinese-bert,lstm,biomj,td,epm,test,0.37962962962962965,0.5061728395061729,0.4338624338624339
chinese-bert,lstm,biomj,td,mpbm,training,0.8949044585987261,0.9506089309878214,0.9219160104986878
chinese-bert,lstm,biomj,td,mpbm,validation,0.6594827586206896,0.6483050847457628,0.6538461538461537
chinese-bert,lstm,biomj,td,mpbm,optimization,0.6578947368421053,0.684931506849315,0.6711409395973155
chinese-bert,lstm,biomj,td,mpbm,test,0.4750830564784053,0.65,0.5489443378119002
chinese-bert,lstm,biomj,td,mbawo,training,0.9080671472925328,0.972936400541272,0.9393832167451482
chinese-bert,lstm,biomj,td,mbawo,validation,0.7073764787752261,0.7765469824293354,0.7403495994173344
chinese-bert,lstm,biomj,td,mbawo,optimization,0.715258855585831,0.8187134502923976,0.7634975459007453
chinese-bert,lstm,biomj,td,mbawo,test,0.5516965001335827,0.7911877394636015,0.6500865732724698
chinese-bert,lstm,biomj,td,mwo,training,0.9154344050939326,0.980829950383401,0.9470045455782683
chinese-bert,lstm,biomj,td,mwo,validation,0.7272094641614475,0.7983193277310925,0.7611070648215587
chinese-bert,lstm,biomj,td,mwo,optimization,0.726158038147139,0.8311890838206628,0.775131794219233
chinese-bert,lstm,biomj,td,mwo,test,0.566390595778787,0.8122605363984674,0.6674012277664094
chinese-bert,lstm,biomje,bd,epm,training,0.6524822695035462,0.6802218114602587,0.6660633484162896
chinese-bert,lstm,biomje,bd,epm,validation,0.4888888888888889,0.5057471264367817,0.4971751412429378
chinese-bert,lstm,biomje,bd,epm,optimization,0.44047619047619047,0.4805194805194805,0.45962732919254656
chinese-bert,lstm,biomje,bd,epm,test,0.3402061855670103,0.4074074074074074,0.37078651685393266
chinese-bert,lstm,biomje,bd,mpbm,training,0.7341075794621027,0.8125845737483085,0.7713551701991008
chinese-bert,lstm,biomje,bd,mpbm,validation,0.587360594795539,0.6694915254237288,0.6257425742574257
chinese-bert,lstm,biomje,bd,mpbm,optimization,0.611336032388664,0.6894977168949772,0.648068669527897
chinese-bert,lstm,biomje,bd,mpbm,test,0.45126353790613716,0.5681818181818182,0.5030181086519115
chinese-bert,lstm,biomje,bd,mbawo,training,0.7832938510660212,0.8575778078484438,0.8187543736878937
chinese-bert,lstm,biomje,bd,mbawo,validation,0.6484523057485786,0.7841864018334607,0.7098893499308436
chinese-bert,lstm,biomje,bd,mbawo,optimization,0.6842105263157895,0.8058479532163743,0.7400644468313642
chinese-bert,lstm,biomje,bd,mbawo,test,0.5462860310421286,0.7551724137931034,0.6339659054358314
chinese-bert,lstm,biomje,bd,mwo,training,0.7967349881553198,0.8722936400541272,0.8328040049523605
chinese-bert,lstm,biomje,bd,mwo,validation,0.6797220467466835,0.8220015278838808,0.7441217150760718
chinese-bert,lstm,biomje,bd,mwo,optimization,0.6967891426679907,0.8206627680311891,0.7536698890082348
chinese-bert,lstm,biomje,bd,mwo,test,0.5670731707317073,0.7839080459770115,0.6580894178192345
chinese-bert,lstm,biomje,td,epm,training,0.5696821515892421,0.43068391866913125,0.49052631578947364
chinese-bert,lstm,biomje,td,epm,validation,0.36363636363636365,0.27586206896551724,0.3137254901960784
chinese-bert,lstm,biomje,td,epm,optimization,0.36065573770491804,0.2857142857142857,0.3188405797101449
chinese-bert,lstm,biomje,td,epm,test,0.34210526315789475,0.32098765432098764,0.33121019108280253
chinese-bert,lstm,biomje,td,mpbm,training,0.7302474062250599,0.6190798376184032,0.6700842182350788
chinese-bert,lstm,biomje,td,mpbm,validation,0.582089552238806,0.4957627118644068,0.5354691075514875
chinese-bert,lstm,biomje,td,mpbm,optimization,0.53125,0.4657534246575342,0.49635036496350365
chinese-bert,lstm,biomje,td,mpbm,test,0.5235849056603774,0.5045454545454545,0.513888888888889
chinese-bert,lstm,biomje,td,mbawo,training,0.824498472166866,0.6998195760036084,0.7570600792924672
chinese-bert,lstm,biomje,td,mbawo,validation,0.7081218274111675,0.6394194041252865,0.672019269369731
chinese-bert,lstm,biomje,td,mbawo,optimization,0.7159914712153518,0.6545808966861598,0.6839103869653768
chinese-bert,lstm,biomje,td,mbawo,test,0.625740228977497,0.60727969348659,0.6163717674509042
chinese-bert,lstm,biomje,td,mwo,training,0.8498737876976219,0.7213576905728462,0.7803598658127477
chinese-bert,lstm,biomje,td,mwo,validation,0.7267343485617598,0.6562261268143621,0.6896828582898435
chinese-bert,lstm,biomje,td,mwo,optimization,0.735181236673774,0.6721247563352827,0.7022403258655805
chinese-bert,lstm,biomje,td,mwo,test,0.6336360047374655,0.6149425287356322,0.6241493291853004
chinese-bert,transformer,bio,bd,epm,training,0.45727482678983833,0.3659889094269871,0.4065708418891171
chinese-bert,transformer,bio,bd,epm,validation,0.35,0.2413793103448276,0.2857142857142857
chinese-bert,transformer,bio,bd,epm,optimization,0.2727272727272727,0.19480519480519481,0.22727272727272727
chinese-bert,transformer,bio,bd,epm,test,0.25,0.2345679012345679,0.24203821656050956
chinese-bert,transformer,bio,bd,mpbm,training,0.6925892040256175,0.5121786197564276,0.5888759237650719
chinese-bert,transformer,bio,bd,mpbm,validation,0.6,0.3813559322033898,0.46632124352331605
chinese-bert,transformer,bio,bd,mpbm,optimization,0.5827814569536424,0.4018264840182648,0.47567567567567565
chinese-bert,transformer,bio,bd,mpbm,test,0.4717948717948718,0.41818181818181815,0.44337349397590364
chinese-bert,transformer,bio,bd,mbawo,training,0.7801051051051051,0.5858705457825891,0.6691782586295725
chinese-bert,transformer,bio,bd,mbawo,validation,0.7144396551724138,0.5064935064935064,0.5927581582476531
chinese-bert,transformer,bio,bd,mbawo,optimization,0.7549342105263158,0.5368421052631579,0.6274777853725222
chinese-bert,transformer,bio,bd,mbawo,test,0.5816412859560067,0.5268199233716475,0.5528749497386408
chinese-bert,transformer,bio,bd,mwo,training,0.840990990990991,0.631596752368065,0.7214064914992272
chinese-bert,transformer,bio,bd,mwo,validation,0.7526939655172413,0.5336134453781513,0.6244970943227536
chinese-bert,transformer,bio,bd,mwo,optimization,0.7850877192982456,0.5582846003898635,0.6525404420141262
chinese-bert,transformer,bio,bd,mwo,test,0.6201353637901861,0.5616858237547893,0.5894652191395254
chinese-bert,transformer,bio,td,epm,training,0.4432314410480349,0.3752310536044362,0.40640640640640635
chinese-bert,transformer,bio,td,epm,validation,0.34285714285714286,0.27586206896551724,0.3057324840764331
chinese-bert,transformer,bio,td,epm,optimization,0.2375,0.24675324675324675,0.24203821656050953
chinese-bert,transformer,bio,td,epm,test,0.2608695652173913,0.2962962962962963,0.2774566473988439
chinese-bert,transformer,bio,td,mpbm,training,0.7208374875373879,0.4891745602165088,0.5828295042321644
chinese-bert,transformer,bio,td,mpbm,validation,0.6258503401360545,0.3898305084745763,0.4804177545691906
chinese-bert,transformer,bio,td,mpbm,optimization,0.5935483870967742,0.4200913242009132,0.4919786096256684
chinese-bert,transformer,bio,td,mpbm,test,0.49444444444444446,0.40454545454545454,0.445
chinese-bert,transformer,bio,td,mbawo,training,0.7816918094937209,0.5580175913396481,0.6511826825015626
chinese-bert,transformer,bio,td,mbawo,validation,0.738562091503268,0.5179526355996944,0.608890884598114
chinese-bert,transformer,bio,td,mbawo,optimization,0.6894929430214323,0.5142300194931774,0.5891022778025904
chinese-bert,transformer,bio,td,mbawo,test,0.554710604140262,0.5030651340996168,0.5276270845891099
chinese-bert,transformer,bio,td,mwo,training,0.8748913987836664,0.6245489400090212,0.7288219232161068
chinese-bert,transformer,bio,td,mwo,validation,0.8050108932461874,0.5645530939648586,0.6636731028289178
chinese-bert,transformer,bio,td,mwo,optimization,0.7621536853110298,0.5684210526315789,0.6511835640911121
chinese-bert,transformer,bio,td,mwo,test,0.6417405999155048,0.581992337164751,0.6104078762306611
chinese-bert,transformer,bioe,bd,epm,training,0.37333333333333335,0.31053604436229204,0.33905146316851664
chinese-bert,transformer,bioe,bd,epm,validation,0.3114754098360656,0.21839080459770116,0.2567567567567568
chinese-bert,transformer,bioe,bd,epm,optimization,0.2542372881355932,0.19480519480519481,0.22058823529411764
chinese-bert,transformer,bioe,bd,epm,test,0.25316455696202533,0.24691358024691357,0.25
chinese-bert,transformer,bioe,bd,mpbm,training,0.5984189723320158,0.5121786197564276,0.5519504192489975
chinese-bert,transformer,bioe,bd,mpbm,validation,0.5294117647058824,0.4194915254237288,0.46808510638297873
chinese-bert,transformer,bioe,bd,mpbm,optimization,0.5159574468085106,0.4429223744292237,0.4766584766584767
chinese-bert,transformer,bioe,bd,mpbm,test,0.3958333333333333,0.4318181818181818,0.41304347826086957
chinese-bert,transformer,bioe,bd,mbawo,training,0.7191026420704102,0.600022552999549,0.6541877977562626
chinese-bert,transformer,bioe,bd,mbawo,validation,0.6641402179062056,0.5355233002291826,0.5929371960245295
chinese-bert,transformer,bioe,bd,mbawo,optimization,0.7050912584053795,0.5723196881091618,0.6318054658919734
chinese-bert,transformer,bioe,bd,mbawo,test,0.5443262411347518,0.5881226053639846,0.5653775322283608
chinese-bert,transformer,bioe,bd,mwo,training,0.7735657814717211,0.645466847090663,0.703734439834025
chinese-bert,transformer,bioe,bd,mwo,validation,0.6972998578872572,0.5622612681436211,0.6225417635863819
chinese-bert,transformer,bioe,bd,mwo,optimization,0.7363112391930836,0.5976608187134503,0.6597805035506779
chinese-bert,transformer,bioe,bd,mwo,test,0.5911347517730496,0.6386973180076628,0.6139963167587478
chinese-bert,transformer,bioe,td,epm,training,0.2945619335347432,0.36044362292051757,0.3241895261845386
chinese-bert,transformer,bioe,td,epm,validation,0.22641509433962265,0.27586206896551724,0.2487046632124352
chinese-bert,transformer,bioe,td,epm,optimization,0.21367521367521367,0.3246753246753247,0.25773195876288657
chinese-bert,transformer,bioe,td,epm,test,0.23880597014925373,0.3950617283950617,0.2976744186046511
chinese-bert,transformer,bioe,td,mpbm,training,0.5576234788833214,0.527063599458728,0.5419130434782609
chinese-bert,transformer,bioe,td,mpbm,validation,0.48792270531400966,0.4279661016949153,0.45598194130925507
chinese-bert,transformer,bioe,td,mpbm,optimization,0.4863636363636364,0.4885844748858447,0.4874715261958998
chinese-bert,transformer,bioe,td,mpbm,test,0.4573643410852713,0.5363636363636364,0.49372384937238495
chinese-bert,transformer,bioe,td,mbawo,training,0.6403332215140333,0.6457487595850248,0.6430295884565718
chinese-bert,transformer,bioe,td,mbawo,validation,0.6120283018867925,0.5947288006111535,0.6032545524990314
chinese-bert,transformer,bioe,td,mbawo,optimization,0.5707106963388371,0.6198830409356725,0.5942814427209867
chinese-bert,transformer,bioe,td,mbawo,test,0.5436951920169337,0.6888888888888889,0.6077404089910428
chinese-bert,transformer,bioe,td,mwo,training,0.6992060829699206,0.7051195308976094,0.7021503565212509
chinese-bert,transformer,bioe,td,mwo,validation,0.6871069182389937,0.6676852559205501,0.6772568771793878
chinese-bert,transformer,bioe,td,mwo,optimization,0.6313711414213927,0.6857699805068226,0.6574472061296953
chinese-bert,transformer,bioe,td,mwo,test,0.5845176897490172,0.7406130268199234,0.6533716410343079
chinese-bert,transformer,bioj,bd,epm,training,0.3418013856812933,0.2735674676524954,0.3039014373716633
chinese-bert,transformer,bioj,bd,epm,validation,0.29310344827586204,0.19540229885057472,0.23448275862068962
chinese-bert,transformer,bioj,bd,epm,optimization,0.26666666666666666,0.2077922077922078,0.23357664233576642
chinese-bert,transformer,bioj,bd,epm,test,0.19718309859154928,0.1728395061728395,0.18421052631578946
chinese-bert,transformer,bioj,bd,mpbm,training,0.5941666666666666,0.4824086603518268,0.5324869305451829
chinese-bert,transformer,bioj,bd,mpbm,validation,0.5612903225806452,0.3686440677966102,0.4450127877237852
chinese-bert,transformer,bioj,bd,mpbm,optimization,0.5164835164835165,0.4292237442922374,0.4688279301745636
chinese-bert,transformer,bioj,bd,mpbm,test,0.4,0.39090909090909093,0.3954022988505747
chinese-bert,transformer,bioj,bd,mbawo,training,0.6694282823172274,0.596808750563825,0.6310361273399308
chinese-bert,transformer,bioj,bd,mbawo,validation,0.6604136604136605,0.524446142093201,0.5846284862678306
chinese-bert,transformer,bioj,bd,mbawo,optimization,0.6247325631151048,0.5692007797270955,0.5956752345981232
chinese-bert,transformer,bioj,bd,mbawo,test,0.5144198524480215,0.5877394636015326,0.5486409155937054
chinese-bert,transformer,bioj,bd,mwo,training,0.7136984568682013,0.63627649977447,0.6727673780851317
chinese-bert,transformer,bioj,bd,mwo,validation,0.7037037037037037,0.5588235294117647,0.6229508196721312
chinese-bert,transformer,bioj,bd,mwo,optimization,0.6508344030808729,0.5929824561403508,0.620563035495716
chinese-bert,transformer,bioj,bd,mwo,test,0.5523138832997988,0.6310344827586207,0.5890557939914163
chinese-bert,transformer,bioj,td,epm,training,0.3962900505902192,0.4343807763401109,0.4144620811287478
chinese-bert,transformer,bioj,td,epm,validation,0.3146067415730337,0.3218390804597701,0.3181818181818182
chinese-bert,transformer,bioj,td,epm,optimization,0.21359223300970873,0.2857142857142857,0.2444444444444444
chinese-bert,transformer,bioj,td,epm,test,0.23809523809523808,0.37037037037037035,0.2898550724637681
chinese-bert,transformer,bioj,td,mpbm,training,0.6651162790697674,0.5805142083897158,0.6199421965317918
chinese-bert,transformer,bioj,td,mpbm,validation,0.5977653631284916,0.4533898305084746,0.5156626506024097
chinese-bert,transformer,bioj,td,mpbm,optimization,0.4947916666666667,0.4337899543378995,0.46228710462287104
chinese-bert,transformer,bioj,td,mpbm,test,0.46382978723404256,0.4954545454545455,0.47912087912087914
chinese-bert,transformer,bioj,td,mbawo,training,0.7277115987460815,0.6544316644113667,0.689129015021077
chinese-bert,transformer,bioj,td,mbawo,validation,0.6909930715935335,0.5714285714285714,0.6255488187330127
chinese-bert,transformer,bioj,td,mbawo,optimization,0.6135100470286448,0.5594541910331384,0.585236541598695
chinese-bert,transformer,bioj,td,mbawo,test,0.5672534041846563,0.6544061302681993,0.6077210460772106
chinese-bert,transformer,bioj,td,mwo,training,0.8016300940438872,0.7209066305818674,0.7591284213026183
chinese-bert,transformer,bioj,td,mwo,validation,0.7381062355658199,0.6103896103896104,0.6681998745557182
chinese-bert,transformer,bioj,td,mwo,optimization,0.6930312099187687,0.6319688109161793,0.6610929853181076
chinese-bert,transformer,bioj,td,mwo,test,0.6203918963799402,0.7157088122605364,0.6646504180750756
chinese-bert,transformer,biom,bd,epm,training,0.4602510460251046,0.4066543438077634,0.4317958783120706
chinese-bert,transformer,biom,bd,epm,validation,0.35714285714285715,0.28735632183908044,0.3184713375796178
chinese-bert,transformer,biom,bd,epm,optimization,0.4166666666666667,0.38961038961038963,0.40268456375838935
chinese-bert,transformer,biom,bd,epm,test,0.2976190476190476,0.30864197530864196,0.303030303030303
chinese-bert,transformer,biom,bd,mpbm,training,0.6205698401667825,0.6041948579161028,0.6122728830990745
chinese-bert,transformer,biom,bd,mpbm,validation,0.5475113122171946,0.5127118644067796,0.5295404814004376
chinese-bert,transformer,biom,bd,mpbm,optimization,0.5767441860465117,0.5662100456621004,0.5714285714285714
chinese-bert,transformer,biom,bd,mpbm,test,0.4189723320158103,0.4818181818181818,0.44820295983086683
chinese-bert,transformer,biom,bd,mbawo,training,0.7388735948612067,0.7263757329724854,0.7325713635846697
chinese-bert,transformer,biom,bd,mbawo,validation,0.6977217249796582,0.6550802139037433,0.6757289204097714
chinese-bert,transformer,biom,bd,mbawo,optimization,0.7545304777594728,0.7142300194931774,0.7338273583016223
chinese-bert,transformer,biom,bd,mbawo,test,0.5200758773316472,0.6302681992337165,0.5698943357006756
chinese-bert,transformer,biom,bd,mwo,training,0.763994035329204,0.7510712674785747,0.7574775389514385
chinese-bert,transformer,biom,bd,mwo,validation,0.725793327908869,0.6814362108479756,0.7029156816390859
chinese-bert,transformer,biom,bd,mwo,optimization,0.771828665568369,0.7306042884990254,0.7506509112757861
chinese-bert,transformer,biom,bd,mwo,test,0.5709769206449573,0.6919540229885057,0.6256712281309544
chinese-bert,transformer,biom,td,epm,training,0.5028901734104047,0.4824399260628466,0.49245283018867925
chinese-bert,transformer,biom,td,epm,validation,0.4383561643835616,0.367816091954023,0.4
chinese-bert,transformer,biom,td,epm,optimization,0.4177215189873418,0.42857142857142855,0.423076923076923
chinese-bert,transformer,biom,td,epm,test,0.32608695652173914,0.37037037037037035,0.3468208092485549
chinese-bert,transformer,biom,td,mpbm,training,0.6341463414634146,0.6684709066305818,0.6508563899868247
chinese-bert,transformer,biom,td,mpbm,validation,0.5975103734439834,0.6101694915254238,0.6037735849056605
chinese-bert,transformer,biom,td,mpbm,optimization,0.5720338983050848,0.6164383561643836,0.5934065934065935
chinese-bert,transformer,biom,td,mpbm,test,0.43214285714285716,0.55,0.48400000000000004
chinese-bert,transformer,biom,td,mbawo,training,0.7624484991171278,0.7303788903924222,0.7460692276680297
chinese-bert,transformer,biom,td,mbawo,validation,0.7265720081135902,0.6841100076394194,0.7047019476686996
chinese-bert,transformer,biom,td,mbawo,optimization,0.7411957411957412,0.7056530214424951,0.7229878170561214
chinese-bert,transformer,biom,td,mbawo,test,0.5333946078431373,0.6670498084291188,0.5927817500851209
chinese-bert,transformer,biom,td,mwo,training,0.7898763978811065,0.7566531348669373,0.7729079076196509
chinese-bert,transformer,biom,td,mwo,validation,0.7472616632860041,0.7035905271199389,0.7247688373008068
chinese-bert,transformer,biom,td,mwo,optimization,0.7641277641277642,0.7274853801169591,0.7453565008987418
chinese-bert,transformer,biom,td,mwo,test,0.5514705882352942,0.6896551724137931,0.6128702757916242
chinese-bert,transformer,bioje,bd,epm,training,0.42190669371196754,0.3844731977818854,0.40232108317214704
chinese-bert,transformer,bioje,bd,epm,validation,0.29577464788732394,0.2413793103448276,0.2658227848101266
chinese-bert,transformer,bioje,bd,epm,optimization,0.22784810126582278,0.23376623376623376,0.23076923076923075
chinese-bert,transformer,bioje,bd,epm,test,0.2391304347826087,0.2716049382716049,0.2543352601156069
chinese-bert,transformer,bioje,bd,mpbm,training,0.6427046263345195,0.6109607577807848,0.6264308012486993
chinese-bert,transformer,bioje,bd,mpbm,validation,0.582089552238806,0.4957627118644068,0.5354691075514875
chinese-bert,transformer,bioje,bd,mpbm,optimization,0.49537037037037035,0.4885844748858447,0.4919540229885057
chinese-bert,transformer,bioje,bd,mpbm,test,0.4146341463414634,0.4636363636363636,0.43776824034334766
chinese-bert,transformer,bioje,bd,mbawo,training,0.7162330316742082,0.7139715832205683,0.7151005195391913
chinese-bert,transformer,bioje,bd,mbawo,validation,0.6312893081761006,0.6134453781512605,0.6222394420767144
chinese-bert,transformer,bioje,bd,mbawo,optimization,0.6174963396778916,0.6576998050682261,0.6369643194260902
chinese-bert,transformer,bioje,bd,mbawo,test,0.47784142297256554,0.60727969348659,0.534840560148473
chinese-bert,transformer,bioje,bd,mwo,training,0.7438348416289593,0.7414862426702752,0.7426586853399593
chinese-bert,transformer,bioje,bd,mwo,validation,0.6450471698113207,0.6268143621084797,0.6358000774893451
chinese-bert,transformer,bioje,bd,mwo,optimization,0.6767935578330894,0.7208576998050682,0.6981310175571078
chinese-bert,transformer,bioje,bd,mwo,test,0.5299969852276153,0.6735632183908046,0.5932174793318711
chinese-bert,transformer,bioje,td,epm,training,0.4669187145557656,0.4565619223659889,0.4616822429906542
chinese-bert,transformer,bioje,td,epm,validation,0.3103448275862069,0.3103448275862069,0.3103448275862069
chinese-bert,transformer,bioje,td,epm,optimization,0.27956989247311825,0.33766233766233766,0.30588235294117644
chinese-bert,transformer,bioje,td,epm,test,0.2831858407079646,0.3950617283950617,0.32989690721649484
chinese-bert,transformer,bioje,td,mpbm,training,0.7278056951423786,0.587956698240866,0.6504491017964072
chinese-bert,transformer,bioje,td,mpbm,validation,0.6264367816091954,0.461864406779661,0.5317073170731706
chinese-bert,transformer,bioje,td,mpbm,optimization,0.585635359116022,0.4840182648401826,0.5299999999999999
chinese-bert,transformer,bioje,td,mpbm,test,0.527027027027027,0.5318181818181819,0.5294117647058824
chinese-bert,transformer,bioje,td,mbawo,training,0.756773747406802,0.6787325214253496,0.7156317807567697
chinese-bert,transformer,bioje,td,mbawo,validation,0.7028854824165915,0.595492742551566,0.6447477253928867
chinese-bert,transformer,bioje,td,mbawo,optimization,0.6469534050179212,0.562962962962963,0.6020429435063582
chinese-bert,transformer,bioje,td,mbawo,test,0.583948959032908,0.6662835249042146,0.6224051539012169
chinese-bert,transformer,bioje,td,mwo,training,0.8159300936694537,0.7317884528642309,0.7715720952352644
chinese-bert,transformer,bioje,td,mwo,validation,0.7434625788999099,0.6298701298701299,0.6819685690653433
chinese-bert,transformer,bioje,td,mwo,optimization,0.6975806451612904,0.6070175438596491,0.649155722326454
chinese-bert,transformer,bioje,td,mwo,test,0.6366689053055742,0.7264367816091954,0.6785969935576236
chinese-bert,transformer,biome,bd,epm,training,0.4939467312348668,0.37707948243992606,0.4276729559748428
chinese-bert,transformer,biome,bd,epm,validation,0.31746031746031744,0.22988505747126436,0.26666666666666666
chinese-bert,transformer,biome,bd,epm,optimization,0.39655172413793105,0.2987012987012987,0.34074074074074073
chinese-bert,transformer,biome,bd,epm,test,0.35,0.345679012345679,0.34782608695652173
chinese-bert,transformer,biome,bd,mpbm,training,0.6448663853727145,0.6204330175913396,0.6324137931034483
chinese-bert,transformer,biome,bd,mpbm,validation,0.5517241379310345,0.5423728813559322,0.547008547008547
chinese-bert,transformer,biome,bd,mpbm,optimization,0.6335078534031413,0.5525114155251142,0.5902439024390244
chinese-bert,transformer,biome,bd,mpbm,test,0.4175824175824176,0.5181818181818182,0.462474645030426
chinese-bert,transformer,biome,bd,mbawo,training,0.7144128608777883,0.7241204330175913,0.7192338924201271
chinese-bert,transformer,biome,bd,mbawo,validation,0.692249527410208,0.69938884644767,0.6958008740262208
chinese-bert,transformer,biome,bd,mbawo,optimization,0.7512886597938144,0.6818713450292397,0.7148988350705089
chinese-bert,transformer,biome,bd,mbawo,test,0.5435174069627852,0.6938697318007663,0.6095590710198587
chinese-bert,transformer,biome,bd,mwo,training,0.7316571174278245,0.7415990076680199,0.7365945174026264
chinese-bert,transformer,biome,bd,mwo,validation,0.7130434782608696,0.7203972498090145,0.7167015010450314
chinese-bert,transformer,biome,bd,mwo,optimization,0.7594501718213058,0.6892787524366472,0.7226650316779072
chinese-bert,transformer,biome,bd,mwo,test,0.5651260504201681,0.721455938697318,0.6337933355772467
chinese-bert,transformer,biome,td,epm,training,0.5626666666666666,0.3900184842883549,0.46069868995633184
chinese-bert,transformer,biome,td,epm,validation,0.3793103448275862,0.25287356321839083,0.30344827586206896
chinese-bert,transformer,biome,td,epm,optimization,0.36666666666666664,0.2857142857142857,0.32116788321167883
chinese-bert,transformer,biome,td,epm,test,0.3972602739726027,0.35802469135802467,0.37662337662337664
chinese-bert,transformer,biome,td,mpbm,training,0.7441424554826617,0.5372124492557511,0.6239685658153242
chinese-bert,transformer,biome,td,mpbm,validation,0.6687898089171974,0.4449152542372881,0.5343511450381678
chinese-bert,transformer,biome,td,mpbm,optimization,0.5919540229885057,0.4703196347031963,0.5241730279898219
chinese-bert,transformer,biome,td,mpbm,test,0.5729166666666666,0.5,0.5339805825242718
chinese-bert,transformer,biome,td,mbawo,training,0.8346421692102534,0.6352052322958953,0.7213933533969392
chinese-bert,transformer,biome,td,mbawo,validation,0.7927747114902157,0.6035141329258976,0.685317718499241
chinese-bert,transformer,biome,td,mbawo,optimization,0.7101865136298422,0.5789473684210527,0.6378865979381443
chinese-bert,transformer,biome,td,mbawo,test,0.7029862792574657,0.6674329501915709,0.684748427672956
chinese-bert,transformer,biome,td,mwo,training,0.8782782634464366,0.6684145241317095,0.7591086636357816
chinese-bert,transformer,biome,td,mwo,validation,0.8384345208228801,0.6382734912146677,0.7247885491216656
chinese-bert,transformer,biome,td,mwo,optimization,0.7422285987565758,0.6050682261208578,0.6666666666666667
chinese-bert,transformer,biome,td,mwo,test,0.7389023405972559,0.7015325670498084,0.7197327044025157
chinese-bert,transformer,biomj,bd,epm,training,0.5098389982110912,0.5268022181146026,0.5181818181818183
chinese-bert,transformer,biomj,bd,epm,validation,0.4666666666666667,0.40229885057471265,0.4320987654320988
chinese-bert,transformer,biomj,bd,epm,optimization,0.3888888888888889,0.45454545454545453,0.4191616766467066
chinese-bert,transformer,biomj,bd,epm,test,0.3047619047619048,0.3950617283950617,0.34408602150537637
chinese-bert,transformer,biomj,bd,mpbm,training,0.6513595166163142,0.7293640054127198,0.6881583147143313
chinese-bert,transformer,biomj,bd,mpbm,validation,0.5872340425531914,0.5847457627118644,0.5859872611464968
chinese-bert,transformer,biomj,bd,mpbm,optimization,0.5513307984790875,0.6621004566210046,0.6016597510373445
chinese-bert,transformer,biomj,bd,mpbm,test,0.4201954397394137,0.5863636363636363,0.48956356736242884
chinese-bert,transformer,biomj,bd,mbawo,training,0.7486996269636946,0.8034506089309879,0.7751094672142294
chinese-bert,transformer,biomj,bd,mbawo,validation,0.7323449083105735,0.7169595110771582,0.7245705462265972
chinese-bert,transformer,biomj,bd,mbawo,optimization,0.6948976049982645,0.7805068226120858,0.7352185089974292
chinese-bert,transformer,biomj,bd,mbawo,test,0.5570432357043236,0.7651340996168582,0.6447134786117836
chinese-bert,transformer,biomj,bd,mwo,training,0.7597856354752273,0.8153473161930537,0.7865865266936821
chinese-bert,transformer,biomj,bd,mwo,validation,0.7506827936012486,0.7349121466768526,0.7427137618220422
chinese-bert,transformer,biomj,bd,mwo,optimization,0.7105171815341895,0.7980506822612086,0.7517443995593096
chinese-bert,transformer,biomj,bd,mwo,test,0.5698744769874478,0.7827586206896552,0.6595641646489104
chinese-bert,transformer,biomj,td,epm,training,0.5180102915951973,0.5582255083179297,0.5373665480427047
chinese-bert,transformer,biomj,td,epm,validation,0.40476190476190477,0.39080459770114945,0.39766081871345027
chinese-bert,transformer,biomj,td,epm,optimization,0.42528735632183906,0.4805194805194805,0.4512195121951219
chinese-bert,transformer,biomj,td,epm,test,0.2621359223300971,0.3333333333333333,0.2934782608695652
chinese-bert,transformer,biomj,td,mpbm,training,0.6565464895635673,0.7023004059539919,0.6786531546256946
chinese-bert,transformer,biomj,td,mpbm,validation,0.5579399141630901,0.5508474576271186,0.5543710021321961
chinese-bert,transformer,biomj,td,mpbm,optimization,0.594017094017094,0.634703196347032,0.6136865342163355
chinese-bert,transformer,biomj,td,mpbm,test,0.40794223826714804,0.5136363636363637,0.45472837022132795
chinese-bert,transformer,biomj,td,mbawo,training,0.7786689915722174,0.7553563373928732,0.7668355227383304
chinese-bert,transformer,biomj,td,mbawo,validation,0.693984658861526,0.6566080977845684,0.6747791952894995
chinese-bert,transformer,biomj,td,mbawo,optimization,0.7310483870967742,0.70682261208577,0.7187314172447968
chinese-bert,transformer,biomj,td,mbawo,test,0.5704697986577181,0.6839080459770115,0.6220595922634605
chinese-bert,transformer,biomj,td,mwo,training,0.8108108108108109,0.7865358592692828,0.7984888812569761
chinese-bert,transformer,biomj,td,mwo,validation,0.7133629390391603,0.674942704354469,0.6936211972522079
chinese-bert,transformer,biomj,td,mwo,optimization,0.7608870967741935,0.735672514619883,0.7480673934588702
chinese-bert,transformer,biomj,td,mwo,test,0.5893256631511665,0.7065134099616859,0.6426206656211884
chinese-bert,transformer,biomje,bd,epm,training,0.4230769230769231,0.32532347504621073,0.36781609195402304
chinese-bert,transformer,biomje,bd,epm,validation,0.34375,0.25287356321839083,0.29139072847682124
chinese-bert,transformer,biomje,bd,epm,optimization,0.36764705882352944,0.3246753246753247,0.3448275862068966
chinese-bert,transformer,biomje,bd,epm,test,0.2891566265060241,0.2962962962962963,0.2926829268292683
chinese-bert,transformer,biomje,bd,mpbm,training,0.5975696926375983,0.5656292286874154,0.5811609315258951
chinese-bert,transformer,biomje,bd,mpbm,validation,0.5866666666666667,0.559322033898305,0.5726681127982646
chinese-bert,transformer,biomje,bd,mpbm,optimization,0.5321888412017167,0.5662100456621004,0.5486725663716814
chinese-bert,transformer,biomje,bd,mpbm,test,0.41947565543071164,0.509090909090909,0.459958932238193
chinese-bert,transformer,biomje,bd,mbawo,training,0.7647599055366046,0.6573071718538566,0.7069739235900546
chinese-bert,transformer,biomje,bd,mbawo,validation,0.7628644939965694,0.6795263559969442,0.7187878787878789
chinese-bert,transformer,biomje,bd,mbawo,optimization,0.7531784305129329,0.6697855750487329,0.7090383821708627
chinese-bert,transformer,biomje,bd,mbawo,test,0.5553702468312208,0.6379310344827587,0.5937945791726106
chinese-bert,transformer,biomje,bd,mwo,training,0.7941485174494883,0.6825665313486694,0.7341419041843541
chinese-bert,transformer,biomje,bd,mwo,validation,0.7860205831903945,0.7001527883880825,0.7406060606060607
chinese-bert,transformer,biomje,bd,mwo,optimization,0.7702761946514687,0.684990253411306,0.7251341312422617
chinese-bert,transformer,biomje,bd,mwo,test,0.5810540360240161,0.6674329501915709,0.6212553495007133
chinese-bert,transformer,biomje,td,epm,training,0.7083333333333334,0.5656192236598891,0.6289825282631039
chinese-bert,transformer,biomje,td,epm,validation,0.45161290322580644,0.3218390804597701,0.3758389261744966
chinese-bert,transformer,biomje,td,epm,optimization,0.45,0.35064935064935066,0.39416058394160586
chinese-bert,transformer,biomje,td,epm,test,0.3783783783783784,0.345679012345679,0.36129032258064514
chinese-bert,transformer,biomje,td,mpbm,training,0.8181818181818182,0.7124492557510149,0.7616636528028933
chinese-bert,transformer,biomje,td,mpbm,validation,0.6598984771573604,0.5508474576271186,0.6004618937644343
chinese-bert,transformer,biomje,td,mpbm,optimization,0.6759776536312849,0.5525114155251142,0.6080402010050252
chinese-bert,transformer,biomje,td,mpbm,test,0.5111111111111111,0.5227272727272727,0.5168539325842696
chinese-bert,transformer,biomje,td,mbawo,training,0.8717107379527762,0.7639264772214704,0.8142672556266715
chinese-bert,transformer,biomje,td,mbawo,validation,0.7786259541984732,0.6623376623376623,0.7157894736842105
chinese-bert,transformer,biomje,td,mbawo,optimization,0.790436005625879,0.6573099415204678,0.7177522349936143
chinese-bert,transformer,biomje,td,mbawo,test,0.6155184411969381,0.6777777777777778,0.6451495258935084
chinese-bert,transformer,biomje,td,mwo,training,0.883934890304317,0.774639152007217,0.8256858679647826
chinese-bert,transformer,biomje,td,mwo,validation,0.7840143691064212,0.6669213139801375,0.7207430340557275
chinese-bert,transformer,biomje,td,mwo,optimization,0.8082512892639475,0.6721247563352827,0.733929331630481
chinese-bert,transformer,biomje,td,mwo,test,0.6356993736951984,0.7,0.6663019693654267
